{
	"comment": "This advancement makes players run the #aestd1:inventory_changed function tag every time the player moves an entity",
	"display": {
		"icon": {
			"item": "minecraft:barrier"
		},
		"announce_to_chat": false,
		"show_toast": false,
		"hidden": true,
		"title": "Inventory changed",
		"description": ""
	},
	"criteria": {
		"inventory_changed": {
			"trigger": "minecraft:inventory_changed"
		}
	},
	"rewards": {
		"function": "aestd.private:tags/run_inventory_changed"
	}
}