{
  "condition": "minecraft:alternative",
  "terms": [
    {
      "condition": "minecraft:entity_scores",
      "entity": "this",
      "scores": {
        "vm_diapick": {
          "min": 1,
          "max": 2
        }
      }
    },
    {
      "condition": "minecraft:entity_scores",
      "entity": "this",
      "scores": {
        "vm_diaxe": {
          "min": 1,
          "max": 2
        }
      }
    },
    {
      "condition": "minecraft:entity_scores",
      "entity": "this",
      "scores": {
        "vm_diashovel": {
          "min": 1,
          "max": 2
        }
      }
    }
  ]
}