{
  "condition": "minecraft:inverted",
  "term": {
    "condition": "minecraft:alternative",
    "terms": [
      {
        "condition": "minecraft:inverted",
        "term": {
          "condition": "minecraft:entity_properties",
          "entity": "this",
          "predicate": {
            "equipment": {
              "mainhand": {
                "nbt": "{vm_mine:1b}"
              }
            }
          }
        }
      },
      {
        "condition": "minecraft:inverted",
        "term": {
          "condition": "minecraft:alternative",
          "terms": [
            {
              "condition": "minecraft:entity_scores",
              "entity": "this",
              "scores": {
                "vm_netpick": {
                  "min": 1,
                  "max": 2
                }
              }
            },
            {
              "condition": "minecraft:entity_scores",
              "entity": "this",
              "scores": {
                "vm_netaxe": {
                  "min": 1,
                  "max": 2
                }
              }
            },
            {
              "condition": "minecraft:entity_scores",
              "entity": "this",
              "scores": {
                "vm_netshovel": {
                  "min": 1,
                  "max": 2
                }
              }
            }
          ]
        }
      }
    ]
  }
}