{
  "condition": "minecraft:alternative",
  "terms": [
    {
      "condition": "minecraft:entity_scores",
      "entity": "this",
      "scores": {
        "vm_goldpick": {
          "min": 1,
          "max": 2
        }
      }
    },
    {
      "condition": "minecraft:entity_scores",
      "entity": "this",
      "scores": {
        "vm_goldaxe": {
          "min": 1,
          "max": 2
        }
      }
    },
    {
      "condition": "minecraft:entity_scores",
      "entity": "this",
      "scores": {
        "vm_goldshovel": {
          "min": 1,
          "max": 2
        }
      }
    }
  ]
}