{
    "rewards": {
        "function": "vm:blocks/tilling/tilled_cd_wood"
    },
    "criteria": {
        "tilled_coarse_dirt": {
            "trigger": "minecraft:item_used_on_block",
            "conditions": {
                "player": [{
                    "condition": "minecraft:entity_properties",
                    "predicate": {
                        "flags": {
                            "is_sneaking": true
                        }

                    },
                    "entity": "this"
                }],
                "item": {
                    "item": "minecraft:wooden_hoe"

                },
				"location": {
					"block": {
						"block": "minecraft:dirt"
					}
				}
            }
        }
    }
}